transport_mode,country,year,value,is_estimated,not_applicable
inland_waterways,AT,2005,0.033,False,False
inland_waterways,BE,2005,0.135,False,False
inland_waterways,BG,2005,0.300,True,False
inland_waterways,CH,2005,0.001,True,False
inland_waterways,CY,2005,,False,True
inland_waterways,CZ,2005,0.001,False,False
inland_waterways,DE,2005,0.121,False,False
inland_waterways,DK,2005,,False,True
inland_waterways,EE,2005,,False,True
inland_waterways,EL,2005,,False,True
inland_waterways,ES,2005,,False,True
inland_waterways,EU27_2020,2005,0.071,True,False
inland_waterways,EU28,2005,0.065,True,False
inland_waterways,FI,2005,0.002,False,False
inland_waterways,FR,2005,0.026,False,False
inland_waterways,HR,2005,0.051,True,False
inland_waterways,HU,2005,0.063,False,False
inland_waterways,IE,2005,,False,True
inland_waterways,IT,2005,0.000,False,False
inland_waterways,LT,2005,0.000,False,False
inland_waterways,LU,2005,0.131,False,False
inland_waterways,LV,2005,,False,True
inland_waterways,MT,2005,,False,True
inland_waterways,NL,2005,0.432,False,False
inland_waterways,NO,2005,,False,True
inland_waterways,PL,2005,0.002,False,False
inland_waterways,PT,2005,,False,True
inland_waterways,RO,2005,0.232,True,False
inland_waterways,SE,2005,,False,True
inland_waterways,SI,2005,,False,True
inland_waterways,SK,2005,0.042,True,False
inland_waterways,UK,2005,0.001,False,False
rail,AT,2005,0.357,False,False
rail,BE,2005,0.128,False,False
rail,BG,2005,0.223,True,False
rail,CH,2005,0.336,True,False
rail,CY,2005,,False,True
rail,CZ,2005,0.314,False,False
rail,DE,2005,0.180,False,False
rail,DK,2005,0.106,False,False
rail,EE,2005,0.800,False,False
rail,EL,2005,0.027,False,False
rail,ES,2005,0.052,False,False
rail,EU27_2020,2005,0.185,True,False
rail,EU28,2005,0.179,True,False
rail,FI,2005,0.252,False,False
rail,FR,2005,0.118,False,False
rail,HR,2005,0.200,True,False
rail,HU,2005,0.272,False,False
rail,IE,2005,0.019,False,False
rail,IT,2005,0.100,False,False
rail,LT,2005,0.736,False,False
rail,LU,2005,0.150,False,False
rail,LV,2005,0.841,False,False
rail,MT,2005,,False,True
rail,NL,2005,0.060,False,False
rail,NO,2005,0.157,False,False
rail,PL,2005,0.365,False,False
rail,PT,2005,0.092,False,False
rail,RO,2005,0.260,True,False
rail,SE,2005,0.324,False,False
rail,SI,2005,0.311,False,False
rail,SK,2005,0.454,True,False
rail,UK,2005,0.113,False,False
rail_inland_waterways_sum_of_available,AT,2005,0.390,False,False
rail_inland_waterways_sum_of_available,BE,2005,0.263,False,False
rail_inland_waterways_sum_of_available,BG,2005,0.524,True,False
rail_inland_waterways_sum_of_available,CH,2005,0.337,True,False
rail_inland_waterways_sum_of_available,CY,2005,,False,True
rail_inland_waterways_sum_of_available,CZ,2005,0.315,False,False
rail_inland_waterways_sum_of_available,DE,2005,0.301,False,False
rail_inland_waterways_sum_of_available,DK,2005,0.106,False,False
rail_inland_waterways_sum_of_available,EE,2005,0.800,False,False
rail_inland_waterways_sum_of_available,EL,2005,0.027,False,False
rail_inland_waterways_sum_of_available,ES,2005,0.052,False,False
rail_inland_waterways_sum_of_available,EU27_2020,2005,0.256,True,False
rail_inland_waterways_sum_of_available,EU28,2005,0.244,True,False
rail_inland_waterways_sum_of_available,FI,2005,0.253,False,False
rail_inland_waterways_sum_of_available,FR,2005,0.144,False,False
rail_inland_waterways_sum_of_available,HR,2005,0.251,True,False
rail_inland_waterways_sum_of_available,HU,2005,0.336,False,False
rail_inland_waterways_sum_of_available,IE,2005,0.019,False,False
rail_inland_waterways_sum_of_available,IT,2005,0.101,False,False
rail_inland_waterways_sum_of_available,LT,2005,0.736,False,False
rail_inland_waterways_sum_of_available,LU,2005,0.281,False,False
rail_inland_waterways_sum_of_available,LV,2005,0.841,False,False
rail_inland_waterways_sum_of_available,MT,2005,,False,True
rail_inland_waterways_sum_of_available,NL,2005,0.492,False,False
rail_inland_waterways_sum_of_available,NO,2005,0.157,False,False
rail_inland_waterways_sum_of_available,PL,2005,0.367,False,False
rail_inland_waterways_sum_of_available,PT,2005,0.092,False,False
rail_inland_waterways_sum_of_available,RO,2005,0.492,True,False
rail_inland_waterways_sum_of_available,SE,2005,0.324,False,False
rail_inland_waterways_sum_of_available,SI,2005,0.311,False,False
rail_inland_waterways_sum_of_available,SK,2005,0.495,True,False
rail_inland_waterways_sum_of_available,UK,2005,0.114,False,False
road,AT,2005,0.610,False,False
road,BE,2005,0.737,False,False
road,BG,2005,0.476,True,False
road,CH,2005,0.663,True,False
road,CY,2005,1.000,False,False
road,CZ,2005,0.685,False,False
road,DE,2005,0.699,False,False
road,DK,2005,0.894,False,False
road,EE,2005,0.200,False,False
road,EL,2005,0.973,False,False
road,ES,2005,0.948,False,False
road,EU27_2020,2005,0.744,True,False
road,EU28,2005,0.756,True,False
road,FI,2005,0.747,False,False
road,FR,2005,0.856,False,False
road,HR,2005,0.749,True,False
road,HU,2005,0.664,False,False
road,IE,2005,0.981,False,False
road,IT,2005,0.899,False,False
road,LT,2005,0.264,False,False
road,LU,2005,0.719,False,False
road,LV,2005,0.159,False,False
road,MT,2005,1.000,False,False
road,NL,2005,0.508,False,False
road,NO,2005,0.843,False,False
road,PL,2005,0.633,False,False
road,PT,2005,0.908,False,False
road,RO,2005,0.508,True,False
road,SE,2005,0.676,False,False
road,SI,2005,0.689,False,False
road,SK,2005,0.505,True,False
road,UK,2005,0.886,False,False
inland_waterways,AT,2006,0.032,False,False
inland_waterways,BE,2006,0.136,False,False
inland_waterways,BG,2006,0.292,True,False
inland_waterways,CH,2006,0.001,True,False
inland_waterways,CY,2006,,False,True
inland_waterways,CZ,2006,0.001,False,False
inland_waterways,DE,2006,0.113,False,False
inland_waterways,DK,2006,,False,True
inland_waterways,EE,2006,,False,True
inland_waterways,EL,2006,,False,True
inland_waterways,ES,2006,,False,True
inland_waterways,EU27_2020,2006,0.069,True,False
inland_waterways,EU28,2006,0.063,True,False
inland_waterways,FI,2006,0.002,False,False
inland_waterways,FR,2006,0.025,False,False
inland_waterways,HR,2006,0.050,True,False
inland_waterways,HU,2006,0.053,False,False
inland_waterways,IE,2006,,False,True
inland_waterways,IT,2006,0.000,False,False
inland_waterways,LT,2006,0.000,False,False
inland_waterways,LU,2006,0.140,False,False
inland_waterways,LV,2006,,False,True
inland_waterways,MT,2006,,False,True
inland_waterways,NL,2006,0.429,False,False
inland_waterways,NO,2006,,False,True
inland_waterways,PL,2006,0.002,False,False
inland_waterways,PT,2006,,False,True
inland_waterways,RO,2006,0.234,True,False
inland_waterways,SE,2006,,False,True
inland_waterways,SI,2006,,False,True
inland_waterways,SK,2006,0.040,True,False
inland_waterways,UK,2006,0.001,False,False
rail,AT,2006,0.360,False,False
rail,BE,2006,0.131,False,False
rail,BG,2006,0.233,True,False
rail,CH,2006,0.348,True,False
rail,CY,2006,,False,True
rail,CZ,2006,0.318,False,False
rail,DE,2006,0.189,False,False
rail,DK,2006,0.097,False,False
rail,EE,2006,0.784,False,False
rail,EL,2006,0.022,False,False
rail,ES,2006,0.050,False,False
rail,EU27_2020,2006,0.189,True,False
rail,EU28,2006,0.182,True,False
rail,FI,2006,0.294,False,False
rail,FR,2006,0.116,False,False
rail,HR,2006,0.219,True,False
rail,HU,2006,0.280,False,False
rail,IE,2006,0.013,False,False
rail,IT,2006,0.113,False,False
rail,LT,2006,0.711,False,False
rail,LU,2006,0.162,False,False
rail,LV,2006,0.810,False,False
rail,MT,2006,,False,True
rail,NL,2006,0.064,False,False
rail,NO,2006,0.158,False,False
rail,PL,2006,0.371,False,False
rail,PT,2006,0.090,False,False
rail,RO,2006,0.250,True,False
rail,SE,2006,0.322,False,False
rail,SI,2006,0.298,False,False
rail,SK,2006,0.469,True,False
rail,UK,2006,0.113,False,False
rail_inland_waterways_sum_of_available,AT,2006,0.392,False,False
rail_inland_waterways_sum_of_available,BE,2006,0.267,False,False
rail_inland_waterways_sum_of_available,BG,2006,0.526,True,False
rail_inland_waterways_sum_of_available,CH,2006,0.350,True,False
rail_inland_waterways_sum_of_available,CY,2006,,False,True
rail_inland_waterways_sum_of_available,CZ,2006,0.319,False,False
rail_inland_waterways_sum_of_available,DE,2006,0.302,False,False
rail_inland_waterways_sum_of_available,DK,2006,0.097,False,False
rail_inland_waterways_sum_of_available,EE,2006,0.784,False,False
rail_inland_waterways_sum_of_available,EL,2006,0.022,False,False
rail_inland_waterways_sum_of_available,ES,2006,0.050,False,False
rail_inland_waterways_sum_of_available,EU27_2020,2006,0.257,True,False
rail_inland_waterways_sum_of_available,EU28,2006,0.246,True,False
rail_inland_waterways_sum_of_available,FI,2006,0.296,False,False
rail_inland_waterways_sum_of_available,FR,2006,0.142,False,False
rail_inland_waterways_sum_of_available,HR,2006,0.269,True,False
rail_inland_waterways_sum_of_available,HU,2006,0.333,False,False
rail_inland_waterways_sum_of_available,IE,2006,0.013,False,False
rail_inland_waterways_sum_of_available,IT,2006,0.113,False,False
rail_inland_waterways_sum_of_available,LT,2006,0.711,False,False
rail_inland_waterways_sum_of_available,LU,2006,0.302,False,False
rail_inland_waterways_sum_of_available,LV,2006,0.810,False,False
rail_inland_waterways_sum_of_available,MT,2006,,False,True
rail_inland_waterways_sum_of_available,NL,2006,0.493,False,False
rail_inland_waterways_sum_of_available,NO,2006,0.158,False,False
rail_inland_waterways_sum_of_available,PL,2006,0.373,False,False
rail_inland_waterways_sum_of_available,PT,2006,0.090,False,False
rail_inland_waterways_sum_of_available,RO,2006,0.484,True,False
rail_inland_waterways_sum_of_available,SE,2006,0.322,False,False
rail_inland_waterways_sum_of_available,SI,2006,0.298,False,False
rail_inland_waterways_sum_of_available,SK,2006,0.509,True,False
rail_inland_waterways_sum_of_available,UK,2006,0.114,False,False
road,AT,2006,0.608,False,False
road,BE,2006,0.733,False,False
road,BG,2006,0.474,True,False
road,CH,2006,0.650,True,False
road,CY,2006,1.000,False,False
road,CZ,2006,0.681,False,False
road,DE,2006,0.698,False,False
road,DK,2006,0.903,False,False
road,EE,2006,0.216,False,False
road,EL,2006,0.978,False,False
road,ES,2006,0.950,False,False
road,EU27_2020,2006,0.743,True,False
road,EU28,2006,0.754,True,False
road,FI,2006,0.704,False,False
road,FR,2006,0.858,False,False
road,HR,2006,0.731,True,False
road,HU,2006,0.667,False,False
road,IE,2006,0.987,False,False
road,IT,2006,0.887,False,False
road,LT,2006,0.289,False,False
road,LU,2006,0.698,False,False
road,LV,2006,0.190,False,False
road,MT,2006,1.000,False,False
road,NL,2006,0.507,False,False
road,NO,2006,0.842,False,False
road,PL,2006,0.627,False,False
road,PT,2006,0.910,False,False
road,RO,2006,0.516,True,False
road,SE,2006,0.678,False,False
road,SI,2006,0.702,False,False
road,SK,2006,0.491,True,False
road,UK,2006,0.886,False,False
inland_waterways,AT,2007,0.042,False,False
inland_waterways,BE,2007,0.134,False,False
inland_waterways,BG,2007,0.308,True,False
inland_waterways,CH,2007,0.001,True,False
inland_waterways,CY,2007,,False,True
inland_waterways,CZ,2007,0.001,False,False
inland_waterways,DE,2007,0.109,False,False
inland_waterways,DK,2007,,False,True
inland_waterways,EE,2007,,False,True
inland_waterways,EL,2007,,False,True
inland_waterways,ES,2007,,False,True
inland_waterways,EU27_2020,2007,0.070,True,False
inland_waterways,EU28,2007,0.065,True,False
inland_waterways,FI,2007,0.003,False,False
inland_waterways,FR,2007,0.025,False,False
inland_waterways,HR,2007,0.056,True,False
inland_waterways,HU,2007,0.058,False,False
inland_waterways,IE,2007,,False,True
inland_waterways,IT,2007,0.000,False,False
inland_waterways,LT,2007,0.001,False,False
inland_waterways,LU,2007,0.118,False,False
inland_waterways,LV,2007,,False,True
inland_waterways,MT,2007,,False,True
inland_waterways,NL,2007,0.448,False,False
inland_waterways,NO,2007,,False,True
inland_waterways,PL,2007,0.002,False,False
inland_waterways,PT,2007,,False,True
inland_waterways,RO,2007,0.252,True,False
inland_waterways,SE,2007,,False,True
inland_waterways,SI,2007,,False,True
inland_waterways,SK,2007,0.044,False,False
inland_waterways,UK,2007,0.001,False,False
rail,AT,2007,0.342,False,False
rail,BE,2007,0.138,False,False
rail,BG,2007,0.231,True,False
rail,CH,2007,0.351,True,False
rail,CY,2007,,False,True
rail,CZ,2007,0.321,False,False
rail,DE,2007,0.193,False,False
rail,DK,2007,0.089,False,False
rail,EE,2007,0.742,False,False
rail,EL,2007,0.033,False,False
rail,ES,2007,0.045,False,False
rail,EU27_2020,2007,0.188,True,False
rail,EU28,2007,0.182,True,False
rail,FI,2007,0.278,False,False
rail,FR,2007,0.116,False,False
rail,HR,2007,0.229,True,False
rail,HU,2007,0.262,False,False
rail,IE,2007,0.008,False,False
rail,IT,2007,0.119,False,False
rail,LT,2007,0.709,False,False
rail,LU,2007,0.197,False,False
rail,LV,2007,0.806,False,False
rail,MT,2007,,False,True
rail,NL,2007,0.070,False,False
rail,NO,2007,0.164,False,False
rail,PL,2007,0.362,False,False
rail,PT,2007,0.091,False,False
rail,RO,2007,0.237,True,False
rail,SE,2007,0.327,False,False
rail,SI,2007,0.301,False,False
rail,SK,2007,0.423,False,False
rail,UK,2007,0.107,False,False
rail_inland_waterways_sum_of_available,AT,2007,0.383,False,False
rail_inland_waterways_sum_of_available,BE,2007,0.271,False,False
rail_inland_waterways_sum_of_available,BG,2007,0.539,True,False
rail_inland_waterways_sum_of_available,CH,2007,0.352,True,False
rail_inland_waterways_sum_of_available,CY,2007,,False,True
rail_inland_waterways_sum_of_available,CZ,2007,0.322,False,False
rail_inland_waterways_sum_of_available,DE,2007,0.303,False,False
rail_inland_waterways_sum_of_available,DK,2007,0.089,False,False
rail_inland_waterways_sum_of_available,EE,2007,0.742,False,False
rail_inland_waterways_sum_of_available,EL,2007,0.033,False,False
rail_inland_waterways_sum_of_available,ES,2007,0.045,False,False
rail_inland_waterways_sum_of_available,EU27_2020,2007,0.258,True,False
rail_inland_waterways_sum_of_available,EU28,2007,0.246,True,False
rail_inland_waterways_sum_of_available,FI,2007,0.280,False,False
rail_inland_waterways_sum_of_available,FR,2007,0.141,False,False
rail_inland_waterways_sum_of_available,HR,2007,0.285,True,False
rail_inland_waterways_sum_of_available,HU,2007,0.319,False,False
rail_inland_waterways_sum_of_available,IE,2007,0.008,False,False
rail_inland_waterways_sum_of_available,IT,2007,0.120,False,False
rail_inland_waterways_sum_of_available,LT,2007,0.709,False,False
rail_inland_waterways_sum_of_available,LU,2007,0.315,False,False
rail_inland_waterways_sum_of_available,LV,2007,0.806,False,False
rail_inland_waterways_sum_of_available,MT,2007,,False,True
rail_inland_waterways_sum_of_available,NL,2007,0.518,False,False
rail_inland_waterways_sum_of_available,NO,2007,0.164,False,False
rail_inland_waterways_sum_of_available,PL,2007,0.364,False,False
rail_inland_waterways_sum_of_available,PT,2007,0.091,False,False
rail_inland_waterways_sum_of_available,RO,2007,0.489,True,False
rail_inland_waterways_sum_of_available,SE,2007,0.327,False,False
rail_inland_waterways_sum_of_available,SI,2007,0.301,False,False
rail_inland_waterways_sum_of_available,SK,2007,0.467,False,False
rail_inland_waterways_sum_of_available,UK,2007,0.107,False,False
road,AT,2007,0.617,False,False
road,BE,2007,0.729,False,False
road,BG,2007,0.461,True,False
road,CH,2007,0.648,True,False
road,CY,2007,1.000,False,False
road,CZ,2007,0.678,False,False
road,DE,2007,0.697,False,False
road,DK,2007,0.911,False,False
road,EE,2007,0.258,False,False
road,EL,2007,0.967,False,False
road,ES,2007,0.955,False,False
road,EU27_2020,2007,0.742,True,False
road,EU28,2007,0.754,True,False
road,FI,2007,0.720,False,False
road,FR,2007,0.859,False,False
road,HR,2007,0.715,True,False
road,HU,2007,0.681,False,False
road,IE,2007,0.992,False,False
road,IT,2007,0.880,False,False
road,LT,2007,0.291,False,False
road,LU,2007,0.685,False,False
road,LV,2007,0.194,False,False
road,MT,2007,1.000,False,False
road,NL,2007,0.482,False,False
road,NO,2007,0.836,False,False
road,PL,2007,0.636,False,False
road,PT,2007,0.909,False,False
road,RO,2007,0.511,True,False
road,SE,2007,0.673,False,False
road,SI,2007,0.699,False,False
road,SK,2007,0.533,False,False
road,UK,2007,0.893,False,False
inland_waterways,AT,2008,0.036,False,False
inland_waterways,BE,2008,0.135,False,False
inland_waterways,BG,2008,0.332,True,False
inland_waterways,CH,2008,0.001,False,False
inland_waterways,CY,2008,,False,True
inland_waterways,CZ,2008,0.001,False,False
inland_waterways,DE,2008,0.107,False,False
inland_waterways,DK,2008,,False,True
inland_waterways,EE,2008,,False,True
inland_waterways,EL,2008,,False,True
inland_waterways,ES,2008,,False,True
inland_waterways,EU27_2020,2008,0.070,True,False
inland_waterways,EU28,2008,0.065,True,False
inland_waterways,FI,2008,0.002,False,False
inland_waterways,FR,2008,0.025,False,False
inland_waterways,HR,2008,0.057,False,False
inland_waterways,HU,2008,0.057,False,False
inland_waterways,IE,2008,,False,True
inland_waterways,IT,2008,0.000,False,False
inland_waterways,LT,2008,0.001,False,False
inland_waterways,LU,2008,0.131,False,False
inland_waterways,LV,2008,,False,True
inland_waterways,MT,2008,,False,True
inland_waterways,NL,2008,0.442,False,False
inland_waterways,NO,2008,,False,True
inland_waterways,PL,2008,0.002,False,False
inland_waterways,PT,2008,,False,True
inland_waterways,RO,2008,0.258,True,False
inland_waterways,SE,2008,,False,True
inland_waterways,SI,2008,,False,True
inland_waterways,SK,2008,0.048,False,False
inland_waterways,UK,2008,0.001,False,False
rail,AT,2008,0.336,False,False
rail,BE,2008,0.137,False,False
rail,BG,2008,0.217,True,False
rail,CH,2008,0.355,False,False
rail,CY,2008,,False,True
rail,CZ,2008,0.322,False,False
rail,DE,2008,0.193,False,False
rail,DK,2008,0.090,False,False
rail,EE,2008,0.682,False,False
rail,EL,2008,0.029,False,False
rail,ES,2008,0.048,False,False
rail,EU27_2020,2008,0.187,True,False
rail,EU28,2008,0.181,True,False
rail,FI,2008,0.272,False,False
rail,FR,2008,0.115,False,False
rail,HR,2008,0.226,False,False
rail,HU,2008,0.251,False,False
rail,IE,2008,0.007,False,False
rail,IT,2008,0.113,False,False
rail,LT,2008,0.730,False,False
rail,LU,2008,0.099,False,False
rail,LV,2008,0.834,False,False
rail,MT,2008,,False,True
rail,NL,2008,0.067,False,False
rail,NO,2008,0.156,False,False
rail,PL,2008,0.338,False,False
rail,PT,2008,0.097,False,False
rail,RO,2008,0.245,True,False
rail,SE,2008,0.319,False,False
rail,SI,2008,0.297,False,False
rail,SK,2008,0.403,False,False
rail,UK,2008,0.112,False,False
rail_inland_waterways_sum_of_available,AT,2008,0.372,False,False
rail_inland_waterways_sum_of_available,BE,2008,0.272,False,False
rail_inland_waterways_sum_of_available,BG,2008,0.549,True,False
rail_inland_waterways_sum_of_available,CH,2008,0.356,False,False
rail_inland_waterways_sum_of_available,CY,2008,,False,True
rail_inland_waterways_sum_of_available,CZ,2008,0.322,False,False
rail_inland_waterways_sum_of_available,DE,2008,0.300,False,False
rail_inland_waterways_sum_of_available,DK,2008,0.090,False,False
rail_inland_waterways_sum_of_available,EE,2008,0.682,False,False
rail_inland_waterways_sum_of_available,EL,2008,0.029,False,False
rail_inland_waterways_sum_of_available,ES,2008,0.048,False,False
rail_inland_waterways_sum_of_available,EU27_2020,2008,0.257,True,False
rail_inland_waterways_sum_of_available,EU28,2008,0.246,True,False
rail_inland_waterways_sum_of_available,FI,2008,0.274,False,False
rail_inland_waterways_sum_of_available,FR,2008,0.141,False,False
rail_inland_waterways_sum_of_available,HR,2008,0.283,False,False
rail_inland_waterways_sum_of_available,HU,2008,0.309,False,False
rail_inland_waterways_sum_of_available,IE,2008,0.007,False,False
rail_inland_waterways_sum_of_available,IT,2008,0.113,False,False
rail_inland_waterways_sum_of_available,LT,2008,0.730,False,False
rail_inland_waterways_sum_of_available,LU,2008,0.230,False,False
rail_inland_waterways_sum_of_available,LV,2008,0.834,False,False
rail_inland_waterways_sum_of_available,MT,2008,,False,True
rail_inland_waterways_sum_of_available,NL,2008,0.509,False,False
rail_inland_waterways_sum_of_available,NO,2008,0.156,False,False
rail_inland_waterways_sum_of_available,PL,2008,0.340,False,False
rail_inland_waterways_sum_of_available,PT,2008,0.097,False,False
rail_inland_waterways_sum_of_available,RO,2008,0.502,True,False
rail_inland_waterways_sum_of_available,SE,2008,0.319,False,False
rail_inland_waterways_sum_of_available,SI,2008,0.297,False,False
rail_inland_waterways_sum_of_available,SK,2008,0.451,False,False
rail_inland_waterways_sum_of_available,UK,2008,0.112,False,False
road,AT,2008,0.628,False,False
road,BE,2008,0.728,False,False
road,BG,2008,0.451,True,False
road,CH,2008,0.644,False,False
road,CY,2008,1.000,False,False
road,CZ,2008,0.678,False,False
road,DE,2008,0.700,False,False
road,DK,2008,0.910,False,False
road,EE,2008,0.318,False,False
road,EL,2008,0.971,False,False
road,ES,2008,0.952,False,False
road,EU27_2020,2008,0.743,True,False
road,EU28,2008,0.754,True,False
road,FI,2008,0.726,False,False
road,FR,2008,0.859,False,False
road,HR,2008,0.717,False,False
road,HU,2008,0.691,False,False
road,IE,2008,0.993,False,False
road,IT,2008,0.887,False,False
road,LT,2008,0.270,False,False
road,LU,2008,0.770,False,False
road,LV,2008,0.166,False,False
road,MT,2008,1.000,False,False
road,NL,2008,0.491,False,False
road,NO,2008,0.844,False,False
road,PL,2008,0.660,False,False
road,PT,2008,0.903,False,False
road,RO,2008,0.498,True,False
road,SE,2008,0.681,False,False
road,SI,2008,0.703,False,False
road,SK,2008,0.549,False,False
road,UK,2008,0.888,False,False
inland_waterways,AT,2009,0.036,False,False
inland_waterways,BE,2009,0.122,False,False
inland_waterways,BG,2009,0.314,False,False
inland_waterways,CH,2009,0.001,False,False
inland_waterways,CY,2009,,False,True
inland_waterways,CZ,2009,0.001,False,False
inland_waterways,DE,2009,0.104,False,False
inland_waterways,DK,2009,,False,True
inland_waterways,EE,2009,,False,True
inland_waterways,EL,2009,,False,True
inland_waterways,ES,2009,,False,True
inland_waterways,EU27_2020,2009,0.067,False,False
inland_waterways,EU28,2009,0.062,False,False
inland_waterways,FI,2009,0.002,False,False
inland_waterways,FR,2009,0.029,False,False
inland_waterways,HR,2009,0.061,False,False
inland_waterways,HU,2009,0.058,False,False
inland_waterways,IE,2009,,False,True
inland_waterways,IT,2009,0.000,False,False
inland_waterways,LT,2009,0.000,False,False
inland_waterways,LU,2009,0.114,False,False
inland_waterways,LV,2009,,False,True
inland_waterways,MT,2009,,False,True
inland_waterways,NL,2009,0.410,False,False
inland_waterways,NO,2009,,False,True
inland_waterways,PL,2009,0.001,False,False
inland_waterways,PT,2009,,False,True
inland_waterways,RO,2009,0.245,False,False
inland_waterways,SE,2009,,False,True
inland_waterways,SI,2009,,False,True
inland_waterways,SK,2009,0.046,False,False
inland_waterways,UK,2009,0.001,False,False
rail,AT,2009,0.320,False,False
rail,BE,2009,0.110,False,False
rail,BG,2009,0.181,False,False
rail,CH,2009,0.335,False,False
rail,CY,2009,,False,True
rail,CZ,2009,0.305,False,False
rail,DE,2009,0.179,False,False
rail,DK,2009,0.091,False,False
rail,EE,2009,0.741,False,False
rail,EL,2009,0.021,False,False
rail,ES,2009,0.040,False,False
rail,EU27_2020,2009,0.173,False,False
rail,EU28,2009,0.169,False,False
rail,FI,2009,0.258,False,False
rail,FR,2009,0.106,False,False
rail,HR,2009,0.221,False,False
rail,HU,2009,0.241,False,False
rail,IE,2009,0.008,False,False
rail,IT,2009,0.092,False,False
rail,LT,2009,0.704,False,False
rail,LU,2009,0.082,False,False
rail,LV,2009,0.854,False,False
rail,MT,2009,,False,True
rail,NL,2009,0.060,False,False
rail,NO,2009,0.164,False,False
rail,PL,2009,0.288,False,False
rail,PT,2009,0.094,False,False
rail,RO,2009,0.231,False,False
rail,SE,2009,0.333,False,False
rail,SI,2009,0.280,False,False
rail,SK,2009,0.358,False,False
rail,UK,2009,0.117,False,False
rail_inland_waterways_sum_of_available,AT,2009,0.357,False,False
rail_inland_waterways_sum_of_available,BE,2009,0.233,False,False
rail_inland_waterways_sum_of_available,BG,2009,0.495,False,False
rail_inland_waterways_sum_of_available,CH,2009,0.337,False,False
rail_inland_waterways_sum_of_available,CY,2009,,False,True
rail_inland_waterways_sum_of_available,CZ,2009,0.305,False,False
rail_inland_waterways_sum_of_available,DE,2009,0.282,False,False
rail_inland_waterways_sum_of_available,DK,2009,0.091,False,False
rail_inland_waterways_sum_of_available,EE,2009,0.741,False,False
rail_inland_waterways_sum_of_available,EL,2009,0.021,False,False
rail_inland_waterways_sum_of_available,ES,2009,0.040,False,False
rail_inland_waterways_sum_of_available,EU27_2020,2009,0.239,False,False
rail_inland_waterways_sum_of_available,EU28,2009,0.230,False,False
rail_inland_waterways_sum_of_available,FI,2009,0.260,False,False
rail_inland_waterways_sum_of_available,FR,2009,0.135,False,False
rail_inland_waterways_sum_of_available,HR,2009,0.282,False,False
rail_inland_waterways_sum_of_available,HU,2009,0.299,False,False
rail_inland_waterways_sum_of_available,IE,2009,0.008,False,False
rail_inland_waterways_sum_of_available,IT,2009,0.092,False,False
rail_inland_waterways_sum_of_available,LT,2009,0.704,False,False
rail_inland_waterways_sum_of_available,LU,2009,0.196,False,False
rail_inland_waterways_sum_of_available,LV,2009,0.854,False,False
rail_inland_waterways_sum_of_available,MT,2009,,False,True
rail_inland_waterways_sum_of_available,NL,2009,0.470,False,False
rail_inland_waterways_sum_of_available,NO,2009,0.164,False,False
rail_inland_waterways_sum_of_available,PL,2009,0.289,False,False
rail_inland_waterways_sum_of_available,PT,2009,0.094,False,False
rail_inland_waterways_sum_of_available,RO,2009,0.476,False,False
rail_inland_waterways_sum_of_available,SE,2009,0.333,False,False
rail_inland_waterways_sum_of_available,SI,2009,0.280,False,False
rail_inland_waterways_sum_of_available,SK,2009,0.404,False,False
rail_inland_waterways_sum_of_available,UK,2009,0.117,False,False
road,AT,2009,0.643,False,False
road,BE,2009,0.767,False,False
road,BG,2009,0.505,False,False
road,CH,2009,0.663,False,False
road,CY,2009,1.000,False,False
road,CZ,2009,0.695,False,False
road,DE,2009,0.718,False,False
road,DK,2009,0.909,False,False
road,EE,2009,0.259,False,False
road,EL,2009,0.979,False,False
road,ES,2009,0.960,False,False
road,EU27_2020,2009,0.761,False,False
road,EU28,2009,0.770,False,False
road,FI,2009,0.740,False,False
road,FR,2009,0.865,False,False
road,HR,2009,0.718,False,False
road,HU,2009,0.701,False,False
road,IE,2009,0.992,False,False
road,IT,2009,0.908,False,False
road,LT,2009,0.296,False,False
road,LU,2009,0.804,False,False
road,LV,2009,0.146,False,False
road,MT,2009,1.000,False,False
road,NL,2009,0.530,False,False
road,NO,2009,0.836,False,False
road,PL,2009,0.711,False,False
road,PT,2009,0.906,False,False
road,RO,2009,0.524,False,False
road,SE,2009,0.667,False,False
road,SI,2009,0.720,False,False
road,SK,2009,0.596,False,False
road,UK,2009,0.883,False,False
inland_waterways,AT,2010,0.040,False,False
inland_waterways,BE,2010,0.146,False,False
inland_waterways,BG,2010,0.336,False,False
inland_waterways,CH,2010,0.001,False,False
inland_waterways,CY,2010,,False,True
inland_waterways,CZ,2010,0.001,False,False
inland_waterways,DE,2010,0.108,False,False
inland_waterways,DK,2010,,False,True
inland_waterways,EE,2010,,False,True
inland_waterways,EL,2010,,False,True
inland_waterways,ES,2010,,False,True
inland_waterways,EU27_2020,2010,0.074,False,False
inland_waterways,EU28,2010,0.069,False,False
inland_waterways,FI,2010,0.002,False,False
inland_waterways,FR,2010,0.030,False,False
inland_waterways,HR,2010,0.082,False,False
inland_waterways,HU,2010,0.074,False,False
inland_waterways,IE,2010,,False,True
inland_waterways,IT,2010,0.001,False,False
inland_waterways,LT,2010,0.000,False,False
inland_waterways,LU,2010,0.129,False,False
inland_waterways,LV,2010,,False,True
inland_waterways,MT,2010,,False,True
inland_waterways,NL,2010,0.458,False,False
inland_waterways,NO,2010,,False,True
inland_waterways,PL,2010,0.001,False,False
inland_waterways,PT,2010,,False,True
inland_waterways,RO,2010,0.338,False,False
inland_waterways,SE,2010,,False,True
inland_waterways,SI,2010,,False,True
inland_waterways,SK,2010,0.056,False,False
inland_waterways,UK,2010,0.001,False,False
rail,AT,2010,0.330,False,False
rail,BE,2010,0.120,False,False
rail,BG,2010,0.170,False,False
rail,CH,2010,0.338,False,False
rail,CY,2010,,False,True
rail,CZ,2010,0.301,False,False
rail,DE,2010,0.187,False,False
rail,DK,2010,0.115,False,False
rail,EE,2010,0.754,False,False
rail,EL,2010,0.022,False,False
rail,ES,2010,0.046,False,False
rail,EU27_2020,2010,0.180,False,False
rail,EU28,2010,0.174,False,False
rail,FI,2010,0.268,False,False
rail,FR,2010,0.095,False,False
rail,HR,2010,0.228,False,False
rail,HU,2010,0.271,False,False
rail,IE,2010,0.009,False,False
rail,IT,2010,0.092,False,False
rail,LT,2010,0.728,False,False
rail,LU,2010,0.116,False,False
rail,LV,2010,0.821,False,False
rail,MT,2010,,False,True
rail,NL,2010,0.058,False,False
rail,NO,2010,0.154,False,False
rail,PL,2010,0.295,False,False
rail,PT,2010,0.109,False,False
rail,RO,2010,0.292,False,False
rail,SE,2010,0.356,False,False
rail,SI,2010,0.318,False,False
rail,SK,2010,0.385,False,False
rail,UK,2010,0.109,False,False
rail_inland_waterways_sum_of_available,AT,2010,0.370,False,False
rail_inland_waterways_sum_of_available,BE,2010,0.266,False,False
rail_inland_waterways_sum_of_available,BG,2010,0.506,False,False
rail_inland_waterways_sum_of_available,CH,2010,0.340,False,False
rail_inland_waterways_sum_of_available,CY,2010,,False,True
rail_inland_waterways_sum_of_available,CZ,2010,0.302,False,False
rail_inland_waterways_sum_of_available,DE,2010,0.295,False,False
rail_inland_waterways_sum_of_available,DK,2010,0.115,False,False
rail_inland_waterways_sum_of_available,EE,2010,0.754,False,False
rail_inland_waterways_sum_of_available,EL,2010,0.022,False,False
rail_inland_waterways_sum_of_available,ES,2010,0.046,False,False
rail_inland_waterways_sum_of_available,EU27_2020,2010,0.254,False,False
rail_inland_waterways_sum_of_available,EU28,2010,0.243,False,False
rail_inland_waterways_sum_of_available,FI,2010,0.271,False,False
rail_inland_waterways_sum_of_available,FR,2010,0.125,False,False
rail_inland_waterways_sum_of_available,HR,2010,0.310,False,False
rail_inland_waterways_sum_of_available,HU,2010,0.345,False,False
rail_inland_waterways_sum_of_available,IE,2010,0.009,False,False
rail_inland_waterways_sum_of_available,IT,2010,0.093,False,False
rail_inland_waterways_sum_of_available,LT,2010,0.728,False,False
rail_inland_waterways_sum_of_available,LU,2010,0.245,False,False
rail_inland_waterways_sum_of_available,LV,2010,0.821,False,False
rail_inland_waterways_sum_of_available,MT,2010,,False,True
rail_inland_waterways_sum_of_available,NL,2010,0.516,False,False
rail_inland_waterways_sum_of_available,NO,2010,0.154,False,False
rail_inland_waterways_sum_of_available,PL,2010,0.296,False,False
rail_inland_waterways_sum_of_available,PT,2010,0.109,False,False
rail_inland_waterways_sum_of_available,RO,2010,0.631,False,False
rail_inland_waterways_sum_of_available,SE,2010,0.356,False,False
rail_inland_waterways_sum_of_available,SI,2010,0.318,False,False
rail_inland_waterways_sum_of_available,SK,2010,0.441,False,False
rail_inland_waterways_sum_of_available,UK,2010,0.110,False,False
road,AT,2010,0.630,False,False
road,BE,2010,0.734,False,False
road,BG,2010,0.494,False,False
road,CH,2010,0.660,False,False
road,CY,2010,1.000,False,False
road,CZ,2010,0.698,False,False
road,DE,2010,0.705,False,False
road,DK,2010,0.885,False,False
road,EE,2010,0.246,False,False
road,EL,2010,0.978,False,False
road,ES,2010,0.954,False,False
road,EU27_2020,2010,0.746,False,False
road,EU28,2010,0.757,False,False
road,FI,2010,0.729,False,False
road,FR,2010,0.875,False,False
road,HR,2010,0.690,False,False
road,HU,2010,0.655,False,False
road,IE,2010,0.991,False,False
road,IT,2010,0.907,False,False
road,LT,2010,0.272,False,False
road,LU,2010,0.755,False,False
road,LV,2010,0.179,False,False
road,MT,2010,1.000,False,False
road,NL,2010,0.484,False,False
road,NO,2010,0.846,False,False
road,PL,2010,0.704,False,False
road,PT,2010,0.891,False,False
road,RO,2010,0.369,False,False
road,SE,2010,0.644,False,False
road,SI,2010,0.682,False,False
road,SK,2010,0.559,False,False
road,UK,2010,0.890,False,False
inland_waterways,AT,2011,0.034,False,False
inland_waterways,BE,2011,0.148,False,False
inland_waterways,BG,2011,0.249,False,False
inland_waterways,CH,2011,0.001,False,False
inland_waterways,CY,2011,,False,True
inland_waterways,CZ,2011,0.001,False,False
inland_waterways,DE,2011,0.094,False,False
inland_waterways,DK,2011,,False,True
inland_waterways,EE,2011,,False,True
inland_waterways,EL,2011,,False,True
inland_waterways,ES,2011,,False,True
inland_waterways,EU27_2020,2011,0.068,False,False
inland_waterways,EU28,2011,0.063,False,False
inland_waterways,FI,2011,0.003,False,False
inland_waterways,FR,2011,0.029,False,False
inland_waterways,HR,2011,0.064,False,False
inland_waterways,HU,2011,0.057,False,False
inland_waterways,IE,2011,,False,True
inland_waterways,IT,2011,0.001,False,False
inland_waterways,LT,2011,0.000,False,False
inland_waterways,LU,2011,0.111,False,False
inland_waterways,LV,2011,,False,True
inland_waterways,MT,2011,,False,True
inland_waterways,NL,2011,0.456,False,False
inland_waterways,NO,2011,,False,True
inland_waterways,PL,2011,0.001,False,False
inland_waterways,PT,2011,,False,True
inland_waterways,RO,2011,0.274,False,False
inland_waterways,SE,2011,,False,True
inland_waterways,SI,2011,,False,True
inland_waterways,SK,2011,0.045,False,False
inland_waterways,UK,2011,0.001,False,False
rail,AT,2011,0.331,False,False
rail,BE,2011,0.122,False,False
rail,BG,2011,0.190,False,False
rail,CH,2011,0.352,False,False
rail,CY,2011,,False,True
rail,CZ,2011,0.301,False,False
rail,DE,2011,0.193,False,False
rail,DK,2011,0.124,False,False
rail,EE,2011,0.716,False,False
rail,EL,2011,0.018,False,False
rail,ES,2011,0.050,False,False
rail,EU27_2020,2011,0.192,False,False
rail,EU28,2011,0.187,False,False
rail,FI,2011,0.276,False,False
rail,FR,2011,0.108,False,False
rail,HR,2011,0.224,False,False
rail,HU,2011,0.285,False,False
rail,IE,2011,0.012,False,False
rail,IT,2011,0.112,False,False
rail,LT,2011,0.737,False,False
rail,LU,2011,0.105,False,False
rail,LV,2011,0.842,False,False
rail,MT,2011,,False,True
rail,NL,2011,0.063,False,False
rail,NO,2011,0.158,False,False
rail,PL,2011,0.299,False,False
rail,PT,2011,0.109,False,False
rail,RO,2011,0.354,False,False
rail,SE,2011,0.348,False,False
rail,SI,2011,0.340,False,False
rail,SK,2011,0.382,False,False
rail,UK,2011,0.121,False,False
rail_inland_waterways_sum_of_available,AT,2011,0.365,False,False
rail_inland_waterways_sum_of_available,BE,2011,0.270,False,False
rail_inland_waterways_sum_of_available,BG,2011,0.439,False,False
rail_inland_waterways_sum_of_available,CH,2011,0.353,False,False
rail_inland_waterways_sum_of_available,CY,2011,,False,True
rail_inland_waterways_sum_of_available,CZ,2011,0.302,False,False
rail_inland_waterways_sum_of_available,DE,2011,0.287,False,False
rail_inland_waterways_sum_of_available,DK,2011,0.124,False,False
rail_inland_waterways_sum_of_available,EE,2011,0.716,False,False
rail_inland_waterways_sum_of_available,EL,2011,0.018,False,False
rail_inland_waterways_sum_of_available,ES,2011,0.050,False,False
rail_inland_waterways_sum_of_available,EU27_2020,2011,0.260,False,False
rail_inland_waterways_sum_of_available,EU28,2011,0.250,False,False
rail_inland_waterways_sum_of_available,FI,2011,0.278,False,False
rail_inland_waterways_sum_of_available,FR,2011,0.137,False,False
rail_inland_waterways_sum_of_available,HR,2011,0.288,False,False
rail_inland_waterways_sum_of_available,HU,2011,0.342,False,False
rail_inland_waterways_sum_of_available,IE,2011,0.012,False,False
rail_inland_waterways_sum_of_available,IT,2011,0.112,False,False
rail_inland_waterways_sum_of_available,LT,2011,0.737,False,False
rail_inland_waterways_sum_of_available,LU,2011,0.216,False,False
rail_inland_waterways_sum_of_available,LV,2011,0.842,False,False
rail_inland_waterways_sum_of_available,MT,2011,,False,True
rail_inland_waterways_sum_of_available,NL,2011,0.518,False,False
rail_inland_waterways_sum_of_available,NO,2011,0.158,False,False
rail_inland_waterways_sum_of_available,PL,2011,0.300,False,False
rail_inland_waterways_sum_of_available,PT,2011,0.109,False,False
rail_inland_waterways_sum_of_available,RO,2011,0.628,False,False
rail_inland_waterways_sum_of_available,SE,2011,0.348,False,False
rail_inland_waterways_sum_of_available,SI,2011,0.340,False,False
rail_inland_waterways_sum_of_available,SK,2011,0.427,False,False
rail_inland_waterways_sum_of_available,UK,2011,0.121,False,False
road,AT,2011,0.635,False,False
road,BE,2011,0.730,False,False
road,BG,2011,0.561,False,False
road,CH,2011,0.647,False,False
road,CY,2011,1.000,False,False
road,CZ,2011,0.698,False,False
road,DE,2011,0.713,False,False
road,DK,2011,0.876,False,False
road,EE,2011,0.284,False,False
road,EL,2011,0.982,False,False
road,ES,2011,0.950,False,False
road,EU27_2020,2011,0.740,False,False
road,EU28,2011,0.750,False,False
road,FI,2011,0.722,False,False
road,FR,2011,0.863,False,False
road,HR,2011,0.712,False,False
road,HU,2011,0.658,False,False
road,IE,2011,0.988,False,False
road,IT,2011,0.888,False,False
road,LT,2011,0.263,False,False
road,LU,2011,0.784,False,False
road,LV,2011,0.158,False,False
road,MT,2011,1.000,False,False
road,NL,2011,0.482,False,False
road,NO,2011,0.842,False,False
road,PL,2011,0.700,False,False
road,PT,2011,0.891,False,False
road,RO,2011,0.372,False,False
road,SE,2011,0.652,False,False
road,SI,2011,0.660,False,False
road,SK,2011,0.573,False,False
road,UK,2011,0.879,False,False
inland_waterways,AT,2012,0.037,False,False
inland_waterways,BE,2012,0.164,True,False
inland_waterways,BG,2012,0.305,False,False
inland_waterways,CH,2012,0.002,False,False
inland_waterways,CY,2012,,False,True
inland_waterways,CZ,2012,0.001,False,False
inland_waterways,DE,2012,0.101,False,False
inland_waterways,DK,2012,,False,True
inland_waterways,EE,2012,,False,True
inland_waterways,EL,2012,,False,True
inland_waterways,ES,2012,,False,True
inland_waterways,EU27_2020,2012,0.074,True,False
inland_waterways,EU28,2012,0.068,True,False
inland_waterways,FI,2012,0.004,False,False
inland_waterways,FR,2012,0.030,False,False
inland_waterways,HR,2012,0.073,False,False
inland_waterways,HU,2012,0.064,False,False
inland_waterways,IE,2012,,False,True
inland_waterways,IT,2012,0.001,False,False
inland_waterways,LT,2012,0.000,False,False
inland_waterways,LU,2012,0.089,False,False
inland_waterways,LV,2012,,False,True
inland_waterways,MT,2012,,False,True
inland_waterways,NL,2012,0.472,False,False
inland_waterways,NO,2012,,False,True
inland_waterways,PL,2012,0.001,False,False
inland_waterways,PT,2012,,False,True
inland_waterways,RO,2012,0.292,False,False
inland_waterways,SE,2012,,False,True
inland_waterways,SI,2012,,False,True
inland_waterways,SK,2012,0.047,False,False
inland_waterways,UK,2012,0.001,False,False
rail,AT,2012,0.327,False,False
rail,BE,2012,0.114,True,False
rail,BG,2012,0.166,False,False
rail,CH,2012,0.346,False,False
rail,CY,2012,,False,True
rail,CZ,2012,0.305,False,False
rail,DE,2012,0.191,False,False
rail,DK,2012,0.109,False,False
rail,EE,2012,0.669,False,False
rail,EL,2012,0.015,False,False
rail,ES,2012,0.053,False,False
rail,EU27_2020,2012,0.191,True,False
rail,EU28,2012,0.185,True,False
rail,FI,2012,0.286,False,False
rail,FR,2012,0.108,False,False
rail,HR,2012,0.222,False,False
rail,HU,2012,0.298,False,False
rail,IE,2012,0.010,False,False
rail,IT,2012,0.127,False,False
rail,LT,2012,0.703,False,False
rail,LU,2012,0.071,False,False
rail,LV,2012,0.841,False,False
rail,MT,2012,,False,True
rail,NL,2012,0.061,False,False
rail,NO,2012,0.148,False,False
rail,PL,2012,0.276,False,False
rail,PT,2012,0.128,False,False
rail,RO,2012,0.314,False,False
rail,SE,2012,0.358,False,False
rail,SI,2012,0.328,False,False
rail,SK,2012,0.365,False,False
rail,UK,2012,0.121,False,False
rail_inland_waterways_sum_of_available,AT,2012,0.363,False,False
rail_inland_waterways_sum_of_available,BE,2012,0.278,True,False
rail_inland_waterways_sum_of_available,BG,2012,0.471,False,False
rail_inland_waterways_sum_of_available,CH,2012,0.348,False,False
rail_inland_waterways_sum_of_available,CY,2012,,False,True
rail_inland_waterways_sum_of_available,CZ,2012,0.306,False,False
rail_inland_waterways_sum_of_available,DE,2012,0.292,False,False
rail_inland_waterways_sum_of_available,DK,2012,0.109,False,False
rail_inland_waterways_sum_of_available,EE,2012,0.669,False,False
rail_inland_waterways_sum_of_available,EL,2012,0.015,False,False
rail_inland_waterways_sum_of_available,ES,2012,0.053,False,False
rail_inland_waterways_sum_of_available,EU27_2020,2012,0.265,True,False
rail_inland_waterways_sum_of_available,EU28,2012,0.254,True,False
rail_inland_waterways_sum_of_available,FI,2012,0.290,False,False
rail_inland_waterways_sum_of_available,FR,2012,0.138,False,False
rail_inland_waterways_sum_of_available,HR,2012,0.295,False,False
rail_inland_waterways_sum_of_available,HU,2012,0.362,False,False
rail_inland_waterways_sum_of_available,IE,2012,0.010,False,False
rail_inland_waterways_sum_of_available,IT,2012,0.127,False,False
rail_inland_waterways_sum_of_available,LT,2012,0.703,False,False
rail_inland_waterways_sum_of_available,LU,2012,0.160,False,False
rail_inland_waterways_sum_of_available,LV,2012,0.841,False,False
rail_inland_waterways_sum_of_available,MT,2012,,False,True
rail_inland_waterways_sum_of_available,NL,2012,0.533,False,False
rail_inland_waterways_sum_of_available,NO,2012,0.148,False,False
rail_inland_waterways_sum_of_available,PL,2012,0.277,False,False
rail_inland_waterways_sum_of_available,PT,2012,0.128,False,False
rail_inland_waterways_sum_of_available,RO,2012,0.606,False,False
rail_inland_waterways_sum_of_available,SE,2012,0.358,False,False
rail_inland_waterways_sum_of_available,SI,2012,0.328,False,False
rail_inland_waterways_sum_of_available,SK,2012,0.413,False,False
rail_inland_waterways_sum_of_available,UK,2012,0.122,False,False
road,AT,2012,0.637,False,False
road,BE,2012,0.722,True,False
road,BG,2012,0.529,False,False
road,CH,2012,0.652,False,False
road,CY,2012,1.000,False,False
road,CZ,2012,0.694,False,False
road,DE,2012,0.708,False,False
road,DK,2012,0.891,False,False
road,EE,2012,0.331,False,False
road,EL,2012,0.985,False,False
road,ES,2012,0.947,False,False
road,EU27_2020,2012,0.735,True,False
road,EU28,2012,0.746,True,False
road,FI,2012,0.710,False,False
road,FR,2012,0.862,False,False
road,HR,2012,0.705,False,False
road,HU,2012,0.638,False,False
road,IE,2012,0.990,False,False
road,IT,2012,0.873,False,False
road,LT,2012,0.297,False,False
road,LU,2012,0.840,False,False
road,LV,2012,0.159,False,False
road,MT,2012,1.000,False,False
road,NL,2012,0.467,False,False
road,NO,2012,0.852,False,False
road,PL,2012,0.723,False,False
road,PT,2012,0.872,False,False
road,RO,2012,0.394,False,False
road,SE,2012,0.642,False,False
road,SI,2012,0.672,False,False
road,SK,2012,0.587,False,False
road,UK,2012,0.878,False,False
inland_waterways,AT,2013,0.039,False,False
inland_waterways,BE,2013,0.159,True,False
inland_waterways,BG,2013,0.275,False,False
inland_waterways,CH,2013,0.001,False,False
inland_waterways,CY,2013,,False,True
inland_waterways,CZ,2013,0.001,False,False
inland_waterways,DE,2013,0.102,False,False
inland_waterways,DK,2013,,False,True
inland_waterways,EE,2013,,False,True
inland_waterways,EL,2013,,False,True
inland_waterways,ES,2013,,False,True
inland_waterways,EU27_2020,2013,0.074,True,False
inland_waterways,EU28,2013,0.069,True,False
inland_waterways,FI,2013,0.004,False,False
inland_waterways,FR,2013,0.030,False,False
inland_waterways,HR,2013,0.073,False,False
inland_waterways,HU,2013,0.061,False,False
inland_waterways,IE,2013,,False,True
inland_waterways,IT,2013,0.001,False,False
inland_waterways,LT,2013,0.000,False,False
inland_waterways,LU,2013,0.105,False,False
inland_waterways,LV,2013,,False,True
inland_waterways,MT,2013,,False,True
inland_waterways,NL,2013,0.460,False,False
inland_waterways,NO,2013,,False,True
inland_waterways,PL,2013,0.000,False,False
inland_waterways,PT,2013,,False,True
inland_waterways,RO,2013,0.290,False,False
inland_waterways,SE,2013,,False,True
inland_waterways,SI,2013,,False,True
inland_waterways,SK,2013,0.046,False,False
inland_waterways,UK,2013,0.001,False,False
rail,AT,2013,0.321,False,False
rail,BE,2013,0.110,True,False
rail,BG,2013,0.166,False,False
rail,CH,2013,0.361,False,False
rail,CY,2013,,False,True
rail,CZ,2013,0.283,False,False
rail,DE,2013,0.191,False,False
rail,DK,2013,0.113,False,False
rail,EE,2013,0.637,False,False
rail,EL,2013,0.015,False,False
rail,ES,2013,0.053,False,False
rail,EU27_2020,2013,0.187,True,False
rail,EU28,2013,0.183,True,False
rail,FI,2013,0.301,False,False
rail,FR,2013,0.106,False,False
rail,HR,2013,0.198,False,False
rail,HU,2013,0.307,False,False
rail,IE,2013,0.011,False,False
rail,IT,2013,0.118,False,False
rail,LT,2013,0.666,False,False
rail,LU,2013,0.073,False,False
rail,LV,2013,0.812,False,False
rail,MT,2013,,False,True
rail,NL,2013,0.057,False,False
rail,NO,2013,0.133,False,False
rail,PL,2013,0.264,False,False
rail,PT,2013,0.127,False,False
rail,RO,2013,0.307,False,False
rail,SE,2013,0.337,False,False
rail,SI,2013,0.348,False,False
rail,SK,2013,0.390,False,False
rail,UK,2013,0.134,False,False
rail_inland_waterways_sum_of_available,AT,2013,0.360,False,False
rail_inland_waterways_sum_of_available,BE,2013,0.269,True,False
rail_inland_waterways_sum_of_available,BG,2013,0.440,False,False
rail_inland_waterways_sum_of_available,CH,2013,0.363,False,False
rail_inland_waterways_sum_of_available,CY,2013,,False,True
rail_inland_waterways_sum_of_available,CZ,2013,0.283,False,False
rail_inland_waterways_sum_of_available,DE,2013,0.293,False,False
rail_inland_waterways_sum_of_available,DK,2013,0.113,False,False
rail_inland_waterways_sum_of_available,EE,2013,0.637,False,False
rail_inland_waterways_sum_of_available,EL,2013,0.015,False,False
rail_inland_waterways_sum_of_available,ES,2013,0.053,False,False
rail_inland_waterways_sum_of_available,EU27_2020,2013,0.261,True,False
rail_inland_waterways_sum_of_available,EU28,2013,0.252,True,False
rail_inland_waterways_sum_of_available,FI,2013,0.305,False,False
rail_inland_waterways_sum_of_available,FR,2013,0.136,False,False
rail_inland_waterways_sum_of_available,HR,2013,0.271,False,False
rail_inland_waterways_sum_of_available,HU,2013,0.367,False,False
rail_inland_waterways_sum_of_available,IE,2013,0.011,False,False
rail_inland_waterways_sum_of_available,IT,2013,0.119,False,False
rail_inland_waterways_sum_of_available,LT,2013,0.666,False,False
rail_inland_waterways_sum_of_available,LU,2013,0.178,False,False
rail_inland_waterways_sum_of_available,LV,2013,0.812,False,False
rail_inland_waterways_sum_of_available,MT,2013,,False,True
rail_inland_waterways_sum_of_available,NL,2013,0.518,False,False
rail_inland_waterways_sum_of_available,NO,2013,0.133,False,False
rail_inland_waterways_sum_of_available,PL,2013,0.265,False,False
rail_inland_waterways_sum_of_available,PT,2013,0.127,False,False
rail_inland_waterways_sum_of_available,RO,2013,0.597,False,False
rail_inland_waterways_sum_of_available,SE,2013,0.337,False,False
rail_inland_waterways_sum_of_available,SI,2013,0.348,False,False
rail_inland_waterways_sum_of_available,SK,2013,0.436,False,False
rail_inland_waterways_sum_of_available,UK,2013,0.135,False,False
road,AT,2013,0.640,False,False
road,BE,2013,0.731,True,False
road,BG,2013,0.560,False,False
road,CH,2013,0.637,False,False
road,CY,2013,1.000,False,False
road,CZ,2013,0.717,False,False
road,DE,2013,0.707,False,False
road,DK,2013,0.887,False,False
road,EE,2013,0.363,False,False
road,EL,2013,0.985,False,False
road,ES,2013,0.947,False,False
road,EU27_2020,2013,0.739,True,False
road,EU28,2013,0.748,True,False
road,FI,2013,0.695,False,False
road,FR,2013,0.864,False,False
road,HR,2013,0.729,False,False
road,HU,2013,0.633,False,False
road,IE,2013,0.989,False,False
road,IT,2013,0.881,False,False
road,LT,2013,0.334,False,False
road,LU,2013,0.822,False,False
road,LV,2013,0.188,False,False
road,MT,2013,1.000,False,False
road,NL,2013,0.482,False,False
road,NO,2013,0.867,False,False
road,PL,2013,0.735,False,False
road,PT,2013,0.873,False,False
road,RO,2013,0.403,False,False
road,SE,2013,0.663,False,False
road,SI,2013,0.652,False,False
road,SK,2013,0.564,False,False
road,UK,2013,0.865,False,False
inland_waterways,AT,2014,0.035,False,False
inland_waterways,BE,2014,0.159,True,False
inland_waterways,BG,2014,0.269,False,False
inland_waterways,CH,2014,0.001,False,False
inland_waterways,CY,2014,,False,True
inland_waterways,CZ,2014,0.001,False,False
inland_waterways,DE,2014,0.099,False,False
inland_waterways,DK,2014,,False,True
inland_waterways,EE,2014,,False,True
inland_waterways,EL,2014,,False,True
inland_waterways,ES,2014,,False,True
inland_waterways,EU27_2020,2014,0.073,True,False
inland_waterways,EU28,2014,0.068,True,False
inland_waterways,FI,2014,0.004,False,False
inland_waterways,FR,2014,0.029,False,False
inland_waterways,HR,2014,0.069,False,False
inland_waterways,HU,2014,0.055,False,False
inland_waterways,IE,2014,,False,True
inland_waterways,IT,2014,0.000,False,False
inland_waterways,LT,2014,0.000,False,False
inland_waterways,LU,2014,0.084,False,False
inland_waterways,LV,2014,,False,True
inland_waterways,MT,2014,,False,True
inland_waterways,NL,2014,0.461,False,False
inland_waterways,NO,2014,,False,True
inland_waterways,PL,2014,0.001,False,False
inland_waterways,PT,2014,,False,True
inland_waterways,RO,2014,0.290,False,False
inland_waterways,SE,2014,,False,True
inland_waterways,SI,2014,,False,True
inland_waterways,SK,2014,0.040,False,False
inland_waterways,UK,2014,0.001,False,False
rail,AT,2014,0.331,False,False
rail,BE,2014,0.111,True,False
rail,BG,2014,0.182,False,False
rail,CH,2014,0.362,False,False
rail,CY,2014,,False,True
rail,CZ,2014,0.282,False,False
rail,DE,2014,0.188,False,False
rail,DK,2014,0.112,False,False
rail,EE,2014,0.552,False,False
rail,EL,2014,0.017,False,False
rail,ES,2014,0.059,False,False
rail,EU27_2020,2014,0.188,True,False
rail,EU28,2014,0.184,True,False
rail,FI,2014,0.307,False,False
rail,FR,2014,0.108,False,False
rail,HR,2014,0.204,False,False
rail,HU,2014,0.311,False,False
rail,IE,2014,0.011,False,False
rail,IT,2014,0.132,False,False
rail,LT,2014,0.681,False,False
rail,LU,2014,0.061,False,False
rail,LV,2014,0.812,False,False
rail,MT,2014,,False,True
rail,NL,2014,0.058,False,False
rail,NO,2014,0.137,False,False
rail,PL,2014,0.265,False,False
rail,PT,2014,0.128,False,False
rail,RO,2014,0.302,False,False
rail,SE,2014,0.304,False,False
rail,SI,2014,0.360,False,False
rail,SK,2014,0.389,False,False
rail,UK,2014,0.135,False,False
rail_inland_waterways_sum_of_available,AT,2014,0.366,False,False
rail_inland_waterways_sum_of_available,BE,2014,0.270,True,False
rail_inland_waterways_sum_of_available,BG,2014,0.451,False,False
rail_inland_waterways_sum_of_available,CH,2014,0.363,False,False
rail_inland_waterways_sum_of_available,CY,2014,,False,True
rail_inland_waterways_sum_of_available,CZ,2014,0.283,False,False
rail_inland_waterways_sum_of_available,DE,2014,0.287,False,False
rail_inland_waterways_sum_of_available,DK,2014,0.112,False,False
rail_inland_waterways_sum_of_available,EE,2014,0.552,False,False
rail_inland_waterways_sum_of_available,EL,2014,0.017,False,False
rail_inland_waterways_sum_of_available,ES,2014,0.059,False,False
rail_inland_waterways_sum_of_available,EU27_2020,2014,0.261,True,False
rail_inland_waterways_sum_of_available,EU28,2014,0.252,True,False
rail_inland_waterways_sum_of_available,FI,2014,0.312,False,False
rail_inland_waterways_sum_of_available,FR,2014,0.137,False,False
rail_inland_waterways_sum_of_available,HR,2014,0.273,False,False
rail_inland_waterways_sum_of_available,HU,2014,0.366,False,False
rail_inland_waterways_sum_of_available,IE,2014,0.011,False,False
rail_inland_waterways_sum_of_available,IT,2014,0.132,False,False
rail_inland_waterways_sum_of_available,LT,2014,0.681,False,False
rail_inland_waterways_sum_of_available,LU,2014,0.145,False,False
rail_inland_waterways_sum_of_available,LV,2014,0.812,False,False
rail_inland_waterways_sum_of_available,MT,2014,,False,True
rail_inland_waterways_sum_of_available,NL,2014,0.518,False,False
rail_inland_waterways_sum_of_available,NO,2014,0.137,False,False
rail_inland_waterways_sum_of_available,PL,2014,0.266,False,False
rail_inland_waterways_sum_of_available,PT,2014,0.128,False,False
rail_inland_waterways_sum_of_available,RO,2014,0.592,False,False
rail_inland_waterways_sum_of_available,SE,2014,0.304,False,False
rail_inland_waterways_sum_of_available,SI,2014,0.360,False,False
rail_inland_waterways_sum_of_available,SK,2014,0.429,False,False
rail_inland_waterways_sum_of_available,UK,2014,0.136,False,False
road,AT,2014,0.634,False,False
road,BE,2014,0.730,True,False
road,BG,2014,0.549,False,False
road,CH,2014,0.637,False,False
road,CY,2014,1.000,False,False
road,CZ,2014,0.717,False,False
road,DE,2014,0.713,False,False
road,DK,2014,0.888,False,False
road,EE,2014,0.448,False,False
road,EL,2014,0.983,False,False
road,ES,2014,0.941,False,False
road,EU27_2020,2014,0.739,True,False
road,EU28,2014,0.748,True,False
road,FI,2014,0.688,False,False
road,FR,2014,0.863,False,False
road,HR,2014,0.727,False,False
road,HU,2014,0.634,False,False
road,IE,2014,0.989,False,False
road,IT,2014,0.868,False,False
road,LT,2014,0.319,False,False
road,LU,2014,0.855,False,False
road,LV,2014,0.188,False,False
road,MT,2014,1.000,False,False
road,NL,2014,0.482,False,False
road,NO,2014,0.863,False,False
road,PL,2014,0.734,False,False
road,PT,2014,0.872,False,False
road,RO,2014,0.408,False,False
road,SE,2014,0.696,False,False
road,SI,2014,0.640,False,False
road,SK,2014,0.571,False,False
road,UK,2014,0.864,False,False
inland_waterways,AT,2015,0.028,False,False
inland_waterways,BE,2015,0.152,True,False
inland_waterways,BG,2015,0.274,False,False
inland_waterways,CH,2015,0.001,False,False
inland_waterways,CY,2015,,False,True
inland_waterways,CZ,2015,0.001,False,False
inland_waterways,DE,2015,0.091,False,False
inland_waterways,DK,2015,,False,True
inland_waterways,EE,2015,,False,True
inland_waterways,EL,2015,,False,True
inland_waterways,ES,2015,,False,True
inland_waterways,EU27_2020,2015,0.070,True,False
inland_waterways,EU28,2015,0.065,True,False
inland_waterways,FI,2015,0.004,False,False
inland_waterways,FR,2015,0.029,False,False
inland_waterways,HR,2015,0.078,False,False
inland_waterways,HU,2015,0.054,False,False
inland_waterways,IE,2015,,False,True
inland_waterways,IT,2015,0.000,False,False
inland_waterways,LT,2015,0.000,False,False
inland_waterways,LU,2015,0.080,False,False
inland_waterways,LV,2015,,False,True
inland_waterways,MT,2015,,False,True
inland_waterways,NL,2015,0.454,False,False
inland_waterways,NO,2015,,False,True
inland_waterways,PL,2015,0.000,False,False
inland_waterways,PT,2015,,False,True
inland_waterways,RO,2015,0.304,False,False
inland_waterways,SE,2015,,False,True
inland_waterways,SI,2015,,False,True
inland_waterways,SK,2015,0.032,False,False
inland_waterways,UK,2015,0.001,False,False
rail,AT,2015,0.325,False,False
rail,BE,2015,0.112,True,False
rail,BG,2015,0.179,False,False
rail,CH,2015,0.373,False,False
rail,CY,2015,,False,True
rail,CZ,2015,0.263,False,False
rail,DE,2015,0.193,False,False
rail,DK,2015,0.120,False,False
rail,EE,2015,0.524,False,False
rail,EL,2015,0.016,False,False
rail,ES,2015,0.058,False,False
rail,EU27_2020,2015,0.188,True,False
rail,EU28,2015,0.182,True,False
rail,FI,2015,0.270,False,False
rail,FR,2015,0.117,False,False
rail,HR,2015,0.194,False,False
rail,HU,2015,0.295,False,False
rail,IE,2015,0.010,False,False
rail,IT,2015,0.134,False,False
rail,LT,2015,0.659,False,False
rail,LU,2015,0.071,False,False
rail,LV,2015,0.798,False,False
rail,MT,2015,,False,True
rail,NL,2015,0.061,False,False
rail,NO,2015,0.129,False,False
rail,PL,2015,0.255,False,False
rail,PT,2015,0.141,False,False
rail,RO,2015,0.316,False,False
rail,SE,2015,0.295,False,False
rail,SI,2015,0.350,False,False
rail,SK,2015,0.366,False,False
rail,UK,2015,0.109,False,False
rail_inland_waterways_sum_of_available,AT,2015,0.353,False,False
rail_inland_waterways_sum_of_available,BE,2015,0.264,True,False
rail_inland_waterways_sum_of_available,BG,2015,0.453,False,False
rail_inland_waterways_sum_of_available,CH,2015,0.375,False,False
rail_inland_waterways_sum_of_available,CY,2015,,False,True
rail_inland_waterways_sum_of_available,CZ,2015,0.264,False,False
rail_inland_waterways_sum_of_available,DE,2015,0.284,False,False
rail_inland_waterways_sum_of_available,DK,2015,0.120,False,False
rail_inland_waterways_sum_of_available,EE,2015,0.524,False,False
rail_inland_waterways_sum_of_available,EL,2015,0.016,False,False
rail_inland_waterways_sum_of_available,ES,2015,0.058,False,False
rail_inland_waterways_sum_of_available,EU27_2020,2015,0.258,True,False
rail_inland_waterways_sum_of_available,EU28,2015,0.247,True,False
rail_inland_waterways_sum_of_available,FI,2015,0.274,False,False
rail_inland_waterways_sum_of_available,FR,2015,0.145,False,False
rail_inland_waterways_sum_of_available,HR,2015,0.271,False,False
rail_inland_waterways_sum_of_available,HU,2015,0.349,False,False
rail_inland_waterways_sum_of_available,IE,2015,0.010,False,False
rail_inland_waterways_sum_of_available,IT,2015,0.135,False,False
rail_inland_waterways_sum_of_available,LT,2015,0.659,False,False
rail_inland_waterways_sum_of_available,LU,2015,0.151,False,False
rail_inland_waterways_sum_of_available,LV,2015,0.798,False,False
rail_inland_waterways_sum_of_available,MT,2015,,False,True
rail_inland_waterways_sum_of_available,NL,2015,0.516,False,False
rail_inland_waterways_sum_of_available,NO,2015,0.129,False,False
rail_inland_waterways_sum_of_available,PL,2015,0.256,False,False
rail_inland_waterways_sum_of_available,PT,2015,0.141,False,False
rail_inland_waterways_sum_of_available,RO,2015,0.620,False,False
rail_inland_waterways_sum_of_available,SE,2015,0.295,False,False
rail_inland_waterways_sum_of_available,SI,2015,0.350,False,False
rail_inland_waterways_sum_of_available,SK,2015,0.398,False,False
rail_inland_waterways_sum_of_available,UK,2015,0.110,False,False
road,AT,2015,0.647,False,False
road,BE,2015,0.736,True,False
road,BG,2015,0.547,False,False
road,CH,2015,0.625,False,False
road,CY,2015,1.000,False,False
road,CZ,2015,0.736,False,False
road,DE,2015,0.716,False,False
road,DK,2015,0.880,False,False
road,EE,2015,0.476,False,False
road,EL,2015,0.984,False,False
road,ES,2015,0.942,False,False
road,EU27_2020,2015,0.742,True,False
road,EU28,2015,0.753,True,False
road,FI,2015,0.726,False,False
road,FR,2015,0.855,False,False
road,HR,2015,0.729,False,False
road,HU,2015,0.651,False,False
road,IE,2015,0.990,False,False
road,IT,2015,0.865,False,False
road,LT,2015,0.341,False,False
road,LU,2015,0.849,False,False
road,LV,2015,0.202,False,False
road,MT,2015,1.000,False,False
road,NL,2015,0.484,False,False
road,NO,2015,0.871,False,False
road,PL,2015,0.744,False,False
road,PT,2015,0.859,False,False
road,RO,2015,0.380,False,False
road,SE,2015,0.705,False,False
road,SI,2015,0.650,False,False
road,SK,2015,0.602,False,False
road,UK,2015,0.890,False,False
inland_waterways,AT,2016,0.030,False,False
inland_waterways,BE,2016,0.147,True,False
inland_waterways,BG,2016,0.273,False,False
inland_waterways,CH,2016,0.001,False,False
inland_waterways,CY,2016,,False,True
inland_waterways,CZ,2016,0.001,False,False
inland_waterways,DE,2016,0.086,False,False
inland_waterways,DK,2016,,False,True
inland_waterways,EE,2016,,False,True
inland_waterways,EL,2016,,False,True
inland_waterways,ES,2016,,False,True
inland_waterways,EU27_2020,2016,0.067,True,False
inland_waterways,EU28,2016,0.062,True,False
inland_waterways,FI,2016,0.003,False,False
inland_waterways,FR,2016,0.028,False,False
inland_waterways,HR,2016,0.074,False,False
inland_waterways,HU,2016,0.054,False,False
inland_waterways,IE,2016,,False,True
inland_waterways,IT,2016,0.000,False,False
inland_waterways,LT,2016,0.000,False,False
inland_waterways,LU,2016,0.062,False,False
inland_waterways,LV,2016,,False,True
inland_waterways,MT,2016,,False,True
inland_waterways,NL,2016,0.443,False,False
inland_waterways,NO,2016,,False,True
inland_waterways,PL,2016,0.001,False,False
inland_waterways,PT,2016,,False,True
inland_waterways,RO,2016,0.294,False,False
inland_waterways,SE,2016,0.000,False,False
inland_waterways,SI,2016,,False,True
inland_waterways,SK,2016,0.037,False,False
inland_waterways,UK,2016,0.001,False,False
rail,AT,2016,0.322,False,False
rail,BE,2016,0.111,True,False
rail,BG,2016,0.171,False,False
rail,CH,2016,0.375,False,False
rail,CY,2016,,False,True
rail,CZ,2016,0.265,False,False
rail,DE,2016,0.209,False,False
rail,DK,2016,0.113,False,False
rail,EE,2016,0.429,False,False
rail,EL,2016,0.013,False,False
rail,ES,2016,0.053,False,False
rail,EU27_2020,2016,0.189,True,False
rail,EU28,2016,0.182,True,False
rail,FI,2016,0.268,False,False
rail,FR,2016,0.109,False,False
rail,HR,2016,0.192,False,False
rail,HU,2016,0.286,False,False
rail,IE,2016,0.009,False,False
rail,IT,2016,0.147,False,False
rail,LT,2016,0.650,False,False
rail,LU,2016,0.065,False,False
rail,LV,2016,0.766,False,False
rail,MT,2016,,False,True
rail,NL,2016,0.060,False,False
rail,NO,2016,0.130,False,False
rail,PL,2016,0.247,False,False
rail,PT,2016,0.145,False,False
rail,RO,2016,0.303,False,False
rail,SE,2016,0.295,False,False
rail,SI,2016,0.339,False,False
rail,SK,2016,0.346,False,False
rail,UK,2016,0.094,False,False
rail_inland_waterways_sum_of_available,AT,2016,0.351,False,False
rail_inland_waterways_sum_of_available,BE,2016,0.257,True,False
rail_inland_waterways_sum_of_available,BG,2016,0.444,False,False
rail_inland_waterways_sum_of_available,CH,2016,0.376,False,False
rail_inland_waterways_sum_of_available,CY,2016,,False,True
rail_inland_waterways_sum_of_available,CZ,2016,0.265,False,False
rail_inland_waterways_sum_of_available,DE,2016,0.295,False,False
rail_inland_waterways_sum_of_available,DK,2016,0.113,False,False
rail_inland_waterways_sum_of_available,EE,2016,0.429,False,False
rail_inland_waterways_sum_of_available,EL,2016,0.013,False,False
rail_inland_waterways_sum_of_available,ES,2016,0.053,False,False
rail_inland_waterways_sum_of_available,EU27_2020,2016,0.256,True,False
rail_inland_waterways_sum_of_available,EU28,2016,0.244,True,False
rail_inland_waterways_sum_of_available,FI,2016,0.271,False,False
rail_inland_waterways_sum_of_available,FR,2016,0.137,False,False
rail_inland_waterways_sum_of_available,HR,2016,0.266,False,False
rail_inland_waterways_sum_of_available,HU,2016,0.339,False,False
rail_inland_waterways_sum_of_available,IE,2016,0.009,False,False
rail_inland_waterways_sum_of_available,IT,2016,0.147,False,False
rail_inland_waterways_sum_of_available,LT,2016,0.650,False,False
rail_inland_waterways_sum_of_available,LU,2016,0.127,False,False
rail_inland_waterways_sum_of_available,LV,2016,0.766,False,False
rail_inland_waterways_sum_of_available,MT,2016,,False,True
rail_inland_waterways_sum_of_available,NL,2016,0.503,False,False
rail_inland_waterways_sum_of_available,NO,2016,0.130,False,False
rail_inland_waterways_sum_of_available,PL,2016,0.248,False,False
rail_inland_waterways_sum_of_available,PT,2016,0.145,False,False
rail_inland_waterways_sum_of_available,RO,2016,0.597,False,False
rail_inland_waterways_sum_of_available,SE,2016,0.295,False,False
rail_inland_waterways_sum_of_available,SI,2016,0.339,False,False
rail_inland_waterways_sum_of_available,SK,2016,0.383,False,False
rail_inland_waterways_sum_of_available,UK,2016,0.095,False,False
road,AT,2016,0.649,False,False
road,BE,2016,0.743,True,False
road,BG,2016,0.556,False,False
road,CH,2016,0.624,False,False
road,CY,2016,1.000,False,False
road,CZ,2016,0.735,False,False
road,DE,2016,0.705,False,False
road,DK,2016,0.887,False,False
road,EE,2016,0.571,False,False
road,EL,2016,0.987,False,False
road,ES,2016,0.947,False,False
road,EU27_2020,2016,0.744,True,False
road,EU28,2016,0.756,True,False
road,FI,2016,0.729,False,False
road,FR,2016,0.863,False,False
road,HR,2016,0.734,False,False
road,HU,2016,0.661,False,False
road,IE,2016,0.991,False,False
road,IT,2016,0.853,False,False
road,LT,2016,0.350,False,False
road,LU,2016,0.873,False,False
road,LV,2016,0.234,False,False
road,MT,2016,1.000,False,False
road,NL,2016,0.497,False,False
road,NO,2016,0.870,False,False
road,PL,2016,0.752,False,False
road,PT,2016,0.855,False,False
road,RO,2016,0.403,False,False
road,SE,2016,0.705,False,False
road,SI,2016,0.661,False,False
road,SK,2016,0.617,False,False
road,UK,2016,0.905,False,False
inland_waterways,AT,2017,0.029,False,False
inland_waterways,BE,2017,0.157,True,False
inland_waterways,BG,2017,0.248,False,False
inland_waterways,CH,2017,0.001,True,False
inland_waterways,CY,2017,,False,True
inland_waterways,CZ,2017,0.000,False,False
inland_waterways,DE,2017,0.086,False,False
inland_waterways,DK,2017,,False,True
inland_waterways,EE,2017,,False,True
inland_waterways,EL,2017,,False,True
inland_waterways,ES,2017,,False,True
inland_waterways,EU27_2020,2017,0.065,True,False
inland_waterways,EU28,2017,0.060,True,False
inland_waterways,FI,2017,0.003,True,False
inland_waterways,FR,2017,0.024,False,False
inland_waterways,HR,2017,0.063,False,False
inland_waterways,HU,2017,0.048,False,False
inland_waterways,IE,2017,,False,True
inland_waterways,IT,2017,0.000,False,False
inland_waterways,LT,2017,0.000,False,False
inland_waterways,LU,2017,0.062,False,False
inland_waterways,LV,2017,,False,True
inland_waterways,MT,2017,,False,True
inland_waterways,NL,2017,0.447,False,False
inland_waterways,NO,2017,,False,True
inland_waterways,PL,2017,0.001,False,False
inland_waterways,PT,2017,,False,True
inland_waterways,RO,2017,0.274,False,False
inland_waterways,SE,2017,0.000,False,False
inland_waterways,SI,2017,,False,True
inland_waterways,SK,2017,0.036,False,False
inland_waterways,UK,2017,0.001,False,False
rail,AT,2017,0.318,False,False
rail,BE,2017,0.107,True,False
rail,BG,2017,0.185,False,False
rail,CH,2017,0.348,True,False
rail,CY,2017,,False,True
rail,CZ,2017,0.269,False,False
rail,DE,2017,0.192,False,False
rail,DK,2017,0.115,False,False
rail,EE,2017,0.444,False,False
rail,EL,2017,0.018,False,False
rail,ES,2017,0.051,False,False
rail,EU27_2020,2017,0.183,True,False
rail,EU28,2017,0.177,True,False
rail,FI,2017,0.273,True,False
rail,FR,2017,0.105,False,False
rail,HR,2017,0.201,False,False
rail,HU,2017,0.324,False,False
rail,IE,2017,0.009,False,False
rail,IT,2017,0.136,False,False
rail,LT,2017,0.667,False,False
rail,LU,2017,0.068,False,False
rail,LV,2017,0.740,False,False
rail,MT,2017,,False,True
rail,NL,2017,0.059,False,False
rail,NO,2017,0.152,False,False
rail,PL,2017,0.239,False,False
rail,PT,2017,0.141,False,False
rail,RO,2017,0.302,False,False
rail,SE,2017,0.302,False,False
rail,SI,2017,0.355,False,False
rail,SK,2017,0.329,False,False
rail,UK,2017,0.096,False,False
rail_inland_waterways_sum_of_available,AT,2017,0.346,False,False
rail_inland_waterways_sum_of_available,BE,2017,0.264,True,False
rail_inland_waterways_sum_of_available,BG,2017,0.434,False,False
rail_inland_waterways_sum_of_available,CH,2017,0.349,True,False
rail_inland_waterways_sum_of_available,CY,2017,,False,True
rail_inland_waterways_sum_of_available,CZ,2017,0.269,False,False
rail_inland_waterways_sum_of_available,DE,2017,0.279,False,False
rail_inland_waterways_sum_of_available,DK,2017,0.115,False,False
rail_inland_waterways_sum_of_available,EE,2017,0.444,False,False
rail_inland_waterways_sum_of_available,EL,2017,0.018,False,False
rail_inland_waterways_sum_of_available,ES,2017,0.051,False,False
rail_inland_waterways_sum_of_available,EU27_2020,2017,0.248,True,False
rail_inland_waterways_sum_of_available,EU28,2017,0.237,True,False
rail_inland_waterways_sum_of_available,FI,2017,0.276,True,False
rail_inland_waterways_sum_of_available,FR,2017,0.128,False,False
rail_inland_waterways_sum_of_available,HR,2017,0.264,False,False
rail_inland_waterways_sum_of_available,HU,2017,0.373,False,False
rail_inland_waterways_sum_of_available,IE,2017,0.009,False,False
rail_inland_waterways_sum_of_available,IT,2017,0.136,False,False
rail_inland_waterways_sum_of_available,LT,2017,0.667,False,False
rail_inland_waterways_sum_of_available,LU,2017,0.130,False,False
rail_inland_waterways_sum_of_available,LV,2017,0.740,False,False
rail_inland_waterways_sum_of_available,MT,2017,,False,True
rail_inland_waterways_sum_of_available,NL,2017,0.506,False,False
rail_inland_waterways_sum_of_available,NO,2017,0.152,False,False
rail_inland_waterways_sum_of_available,PL,2017,0.240,False,False
rail_inland_waterways_sum_of_available,PT,2017,0.141,False,False
rail_inland_waterways_sum_of_available,RO,2017,0.576,False,False
rail_inland_waterways_sum_of_available,SE,2017,0.302,False,False
rail_inland_waterways_sum_of_available,SI,2017,0.355,False,False
rail_inland_waterways_sum_of_available,SK,2017,0.365,False,False
rail_inland_waterways_sum_of_available,UK,2017,0.096,False,False
road,AT,2017,0.654,False,False
road,BE,2017,0.736,True,False
road,BG,2017,0.566,False,False
road,CH,2017,0.651,True,False
road,CY,2017,1.000,False,False
road,CZ,2017,0.731,False,False
road,DE,2017,0.721,False,False
road,DK,2017,0.885,False,False
road,EE,2017,0.556,False,False
road,EL,2017,0.982,False,False
road,ES,2017,0.949,False,False
road,EU27_2020,2017,0.752,True,False
road,EU28,2017,0.763,True,False
road,FI,2017,0.724,True,False
road,FR,2017,0.872,False,False
road,HR,2017,0.736,False,False
road,HU,2017,0.627,False,False
road,IE,2017,0.991,False,False
road,IT,2017,0.864,False,False
road,LT,2017,0.333,False,False
road,LU,2017,0.870,False,False
road,LV,2017,0.260,False,False
road,MT,2017,1.000,False,False
road,NL,2017,0.494,False,False
road,NO,2017,0.848,False,False
road,PL,2017,0.760,False,False
road,PT,2017,0.859,False,False
road,RO,2017,0.424,False,False
road,SE,2017,0.698,False,False
road,SI,2017,0.645,False,False
road,SK,2017,0.635,False,False
road,UK,2017,0.904,False,False
inland_waterways,AT,2018,0.021,False,False
inland_waterways,BE,2018,0.161,True,False
inland_waterways,BG,2018,0.245,False,False
inland_waterways,CH,2018,0.001,True,False
inland_waterways,CY,2018,,False,True
inland_waterways,CZ,2018,0.000,False,False
inland_waterways,DE,2018,0.074,False,False
inland_waterways,DK,2018,,False,True
inland_waterways,EE,2018,,False,True
inland_waterways,EL,2018,,False,True
inland_waterways,ES,2018,,False,True
inland_waterways,EU27_2020,2018,0.060,True,False
inland_waterways,EU28,2018,0.055,True,False
inland_waterways,FI,2018,0.004,True,False
inland_waterways,FR,2018,0.023,False,False
inland_waterways,HR,2018,0.052,False,False
inland_waterways,HU,2018,0.041,False,False
inland_waterways,IE,2018,,False,True
inland_waterways,IT,2018,0.000,False,False
inland_waterways,LT,2018,0.000,False,False
inland_waterways,LU,2018,0.075,False,False
inland_waterways,LV,2018,,False,True
inland_waterways,MT,2018,,False,True
inland_waterways,NL,2018,0.432,False,False
inland_waterways,NO,2018,,False,True
inland_waterways,PL,2018,0.001,False,False
inland_waterways,PT,2018,,False,True
inland_waterways,RO,2018,0.271,False,False
inland_waterways,SE,2018,0.000,False,False
inland_waterways,SI,2018,,False,True
inland_waterways,SK,2018,0.030,False,False
inland_waterways,UK,2018,0.001,False,False
rail,AT,2018,0.315,False,False
rail,BE,2018,0.117,True,False
rail,BG,2018,0.193,False,False
rail,CH,2018,0.347,True,False
rail,CY,2018,,False,True
rail,CZ,2018,0.276,False,False
rail,DE,2018,0.198,False,False
rail,DK,2018,0.118,False,False
rail,EE,2018,0.462,False,False
rail,EL,2018,0.021,False,False
rail,ES,2018,0.050,False,False
rail,EU27_2020,2018,0.187,True,False
rail,EU28,2018,0.180,True,False
rail,FI,2018,0.290,True,False
rail,FR,2018,0.099,False,False
rail,HR,2018,0.212,False,False
rail,HU,2018,0.270,False,False
rail,IE,2018,0.008,False,False
rail,IT,2018,0.131,False,False
rail,LT,2018,0.679,False,False
rail,LU,2018,0.082,False,False
rail,LV,2018,0.758,False,False
rail,MT,2018,,False,True
rail,NL,2018,0.064,False,False
rail,NO,2018,0.155,False,False
rail,PL,2018,0.268,False,False
rail,PT,2018,0.142,False,False
rail,RO,2018,0.289,False,False
rail,SE,2018,0.311,False,False
rail,SI,2018,0.353,False,False
rail,SK,2018,0.326,False,False
rail,UK,2018,0.094,False,False
rail_inland_waterways_sum_of_available,AT,2018,0.337,False,False
rail_inland_waterways_sum_of_available,BE,2018,0.279,True,False
rail_inland_waterways_sum_of_available,BG,2018,0.438,False,False
rail_inland_waterways_sum_of_available,CH,2018,0.348,True,False
rail_inland_waterways_sum_of_available,CY,2018,,False,True
rail_inland_waterways_sum_of_available,CZ,2018,0.276,False,False
rail_inland_waterways_sum_of_available,DE,2018,0.272,False,False
rail_inland_waterways_sum_of_available,DK,2018,0.118,False,False
rail_inland_waterways_sum_of_available,EE,2018,0.462,False,False
rail_inland_waterways_sum_of_available,EL,2018,0.021,False,False
rail_inland_waterways_sum_of_available,ES,2018,0.050,False,False
rail_inland_waterways_sum_of_available,EU27_2020,2018,0.247,True,False
rail_inland_waterways_sum_of_available,EU28,2018,0.235,True,False
rail_inland_waterways_sum_of_available,FI,2018,0.293,True,False
rail_inland_waterways_sum_of_available,FR,2018,0.122,False,False
rail_inland_waterways_sum_of_available,HR,2018,0.264,False,False
rail_inland_waterways_sum_of_available,HU,2018,0.311,False,False
rail_inland_waterways_sum_of_available,IE,2018,0.008,False,False
rail_inland_waterways_sum_of_available,IT,2018,0.132,False,False
rail_inland_waterways_sum_of_available,LT,2018,0.679,False,False
rail_inland_waterways_sum_of_available,LU,2018,0.157,False,False
rail_inland_waterways_sum_of_available,LV,2018,0.758,False,False
rail_inland_waterways_sum_of_available,MT,2018,,False,True
rail_inland_waterways_sum_of_available,NL,2018,0.496,False,False
rail_inland_waterways_sum_of_available,NO,2018,0.155,False,False
rail_inland_waterways_sum_of_available,PL,2018,0.269,False,False
rail_inland_waterways_sum_of_available,PT,2018,0.142,False,False
rail_inland_waterways_sum_of_available,RO,2018,0.560,False,False
rail_inland_waterways_sum_of_available,SE,2018,0.311,False,False
rail_inland_waterways_sum_of_available,SI,2018,0.353,False,False
rail_inland_waterways_sum_of_available,SK,2018,0.356,False,False
rail_inland_waterways_sum_of_available,UK,2018,0.095,False,False
road,AT,2018,0.663,False,False
road,BE,2018,0.721,True,False
road,BG,2018,0.562,False,False
road,CH,2018,0.652,True,False
road,CY,2018,1.000,False,False
road,CZ,2018,0.724,False,False
road,DE,2018,0.728,False,False
road,DK,2018,0.882,False,False
road,EE,2018,0.538,False,False
road,EL,2018,0.979,False,False
road,ES,2018,0.950,False,False
road,EU27_2020,2018,0.753,True,False
road,EU28,2018,0.765,True,False
road,FI,2018,0.707,True,False
road,FR,2018,0.878,False,False
road,HR,2018,0.736,False,False
road,HU,2018,0.689,False,False
road,IE,2018,0.992,False,False
road,IT,2018,0.868,False,False
road,LT,2018,0.321,False,False
road,LU,2018,0.843,False,False
road,LV,2018,0.242,False,False
road,MT,2018,1.000,False,False
road,NL,2018,0.504,False,False
road,NO,2018,0.845,False,False
road,PL,2018,0.731,False,False
road,PT,2018,0.858,False,False
road,RO,2018,0.440,False,False
road,SE,2018,0.689,False,False
road,SI,2018,0.647,False,False
road,SK,2018,0.644,False,False
road,UK,2018,0.905,False,False
